Participant,Manager
Arthur Spencer,Allison Smith
Chad Powers,Amy Williams
Christina Howe,Kimberly Meyers
Gina Smith,Alexander Henry
Heidi Gonzalez,Michael Stanley
Juan Gray,Dakota Dyer
Kathy Chen,Frank Beck
Ryan Miller,Teresa Bradley
Sarah Williams,Linda Lee
Brandy Patrick,Lucas Hamilton
Hannah Russell,Brent Waters
Keith Tate,Kevin Oliver
Madison Robinson MD,Amy Williams
Rebecca Smith,Aaron Butler
Ricardo Jenkins,Parker Alvarez
Robert Hood,Justin Hoffman
Stephen Moore,Alexander Henry
Theresa Anderson,Gabriel White
Zachary Davis,Michael Stanley
Chris Sampson,Kevin Oliver
Karen Martinez,April Mcdowell
Steven Bishop,Kimberly Meyers
Valerie Abbott,Allison Smith
Michael Martinez,Gabriel White
James Vaughn,Katherine Fitzpatrick
Kristin Barrett,Fred Brown
Ryan West,Matthew Mcdonald DDS
Stephanie Carroll,Lucas Hamilton
Jennifer Fowler,Kevin Oliver
Jennifer Graves,April Mcdowell
Jessica Wright,Katherine Fitzpatrick
Matthew Phillips,Scott Gray
Robert Taylor DVM,Parker Alvarez
Allen Chen,Matthew Mcdonald DDS
Ralph Gomez,Derrick Sims
Lauren Moore,Nathan Rodriguez
Benjamin Long,Charles Smith
Preston Roberts,Kimberly Meyers
Ross Gonzalez,Matthew Mcdonald DDS
